{"cameraMode":{"drawMode":0,"name":"Shaded","section":"Shading Mode"},"sceneLighting":false,"audioPlay":false,"sceneViewState":{"m_AlwaysRefresh":false,"showFog":true,"showSkybox":false,"showFlares":true,"showImageEffects":true,"showParticleSystems":true,"showVisualEffectGraphs":true,"m_FxEnabled":true},"in2DMode":false,"pivot":{"x":1.7230513095855713,"y":0.25321274995803835,"z":0.12489063292741776},"rotation":{"x":-0.08142425119876862,"y":0.8939567804336548,"z":-0.18131838738918305,"w":-0.401502400636673},"size":2.270951747894287,"orthographic":false}