{"cameraMode":{"drawMode":0,"name":"Shaded","section":"Shading Mode"},"sceneLighting":true,"audioPlay":false,"sceneViewState":{"m_AlwaysRefresh":false,"showFog":true,"showSkybox":true,"showFlares":true,"showImageEffects":true,"showParticleSystems":true,"showVisualEffectGraphs":true,"m_FxEnabled":true},"in2DMode":false,"pivot":{"x":5.598235130310059,"y":13.097023010253907,"z":43.44142150878906},"rotation":{"x":0.04049672186374664,"y":-0.9545177817344666,"z":0.2524647116661072,"w":0.15217947959899903},"size":2.1825931072235109,"orthographic":false}