{"cameraMode":{"drawMode":0,"name":"Shaded","section":"Shading Mode"},"sceneLighting":true,"audioPlay":false,"sceneViewState":{"m_AlwaysRefresh":false,"showFog":true,"showSkybox":true,"showFlares":true,"showImageEffects":true,"showParticleSystems":true,"showVisualEffectGraphs":true,"m_FxEnabled":true},"in2DMode":false,"pivot":{"x":-0.036006174981594089,"y":2.5788445472717287,"z":3.5709879398345949},"rotation":{"x":-0.4240168631076813,"y":0.22875145077705384,"z":-0.11166007071733475,"w":-0.8691268563270569},"size":19.7288761138916,"orthographic":false}