{"cameraMode":{"drawMode":0,"name":"Shaded","section":"Shading Mode"},"sceneLighting":true,"audioPlay":false,"sceneViewState":{"m_AlwaysRefresh":false,"showFog":true,"showSkybox":true,"showFlares":true,"showImageEffects":true,"showParticleSystems":true,"showVisualEffectGraphs":true,"m_FxEnabled":true},"in2DMode":false,"pivot":{"x":-7.980535984039307,"y":3.855379104614258,"z":23.930397033691408},"rotation":{"x":-0.007950815372169018,"y":0.9360226988792419,"z":-0.35105034708976748,"w":-0.02137761004269123},"size":2.915475845336914,"orthographic":false}