{"cameraMode":{"drawMode":0,"name":"Shaded","section":"Shading Mode"},"sceneLighting":true,"audioPlay":false,"sceneViewState":{"m_AlwaysRefresh":false,"showFog":true,"showSkybox":true,"showFlares":true,"showImageEffects":true,"showParticleSystems":true,"showVisualEffectGraphs":true,"m_FxEnabled":true},"in2DMode":false,"pivot":{"x":-15.722457885742188,"y":17.162872314453126,"z":0.3238811790943146},"rotation":{"x":-0.38700541853904726,"y":-0.19414390623569489,"z":0.08366253226995468,"w":-0.8974909782409668},"size":5.392083168029785,"orthographic":false}