{"cameraMode":{"drawMode":0,"name":"Shaded","section":"Shading Mode"},"sceneLighting":true,"audioPlay":false,"sceneViewState":{"m_AlwaysRefresh":false,"showFog":true,"showSkybox":true,"showFlares":true,"showImageEffects":true,"showParticleSystems":true,"showVisualEffectGraphs":true,"m_FxEnabled":true},"in2DMode":false,"pivot":{"x":25.99139976501465,"y":12.992965698242188,"z":43.17514419555664},"rotation":{"x":0.05860063061118126,"y":-0.936213493347168,"z":0.18836912512779237,"w":0.29024437069892886},"size":2.1825931072235109,"orthographic":false}