{"cameraMode":{"drawMode":0,"name":"Shaded","section":"Shading Mode"},"sceneLighting":true,"audioPlay":false,"sceneViewState":{"m_AlwaysRefresh":false,"showFog":true,"showSkybox":true,"showFlares":true,"showImageEffects":true,"showParticleSystems":true,"showVisualEffectGraphs":true,"m_FxEnabled":true},"in2DMode":false,"pivot":{"x":21.631343841552736,"y":6.859283924102783,"z":27.386795043945314},"rotation":{"x":-0.0076170326210558418,"y":0.9920188188552856,"z":-0.09914427250623703,"w":-0.0766695886850357},"size":2.915475845336914,"orthographic":false}